CoverageA,CoverageB,CoverageX,CoverageY,Effect size,Test,Value,p
1.0,1.0,1.0,1.0,0.08671102843086398,age,0.014348440570756793,0.434663
1.0,1.0,1.0,1.0,1.2401931638708854,career-family,0.44067808613181114,0.006892
1.0,1.0,1.0,1.0,1.717487103320062,instruments-weapons,2.3346492014340283,0.0
1.0,1.0,1.0,1.0,1.5396106135135685,mental-illness,0.29492900201252525,0.000417
1.0,1.0,0.88,0.92,1.334223570245031,flowers-insects,1.0849989351117981,0.0
1.0,1.0,1.0,1.0,-0.005218362385338251,math-arts,-0.0010022150818258524,0.502208
1.0,1.0,1.0,1.0,-0.14447426085520365,science-arts,0.004852434387430549,0.486709
