skipgram,dimension,contextwindow,accuracy
0,100,5,49.825
0,100,10,49.599999999999994
0,100,15,48.45
0,300,5,52.25
0,300,10,51.225
0,300,15,51.099999999999994
0,500,5,51.8
0,500,10,50.375
0,500,15,49.925
1,100,5,56.85
1,100,10,55.574999999999996
1,100,15,54.349999999999994
1,300,5,59.7
1,300,10,58.199999999999996
1,300,15,57.650000000000006
1,500,5,59.575
1,500,10,58.074999999999996
1,500,15,58.125
